{"n_estimators": 300, "max_depth": 10, "learning_rate": 0.24617302625972898, "subsample": 0.5893748349020955, "colsample_bytree": 0.8311290265755622}