{"macro_f1": 0.7870982319130267, "micro_f1": 0.816777470680511, "weighted_f1": 0.8074878653556066, "macro_precision": 0.8119872183487393, "micro_precision": 0.816777470680511, "weighted_precision": 0.8068228270109074, "macro_recall": 0.7728172844421902, "micro_recall": 0.816777470680511, "weighted_recall": 0.816777470680511, "macro_roc_auc": 0.9557399029475228, "micro_roc_auc": 0.973870643107398, "weighted_roc_auc": 0.953451287481153, "classification_report": "              precision    recall  f1-score   support\n\n         0.0       0.92      0.93      0.93      7792\n         1.0       1.00      0.99      0.99     10860\n         2.0       0.63      0.45      0.52     17916\n         3.0       0.82      0.93      0.87     81163\n         4.0       0.86      0.86      0.86     59693\n         5.0       0.65      0.48      0.55     23381\n\n    accuracy                           0.82    200805\n   macro avg       0.81      0.77      0.79    200805\nweighted avg       0.81      0.82      0.81    200805\n"}