{"macro_f1": 0.8094725578231549, "micro_f1": 0.8321356539926794, "weighted_f1": 0.8253525735323891, "macro_precision": 0.8302135272517325, "micro_precision": 0.8321356539926794, "weighted_precision": 0.8246688621537174, "macro_recall": 0.7960821967837521, "micro_recall": 0.8321356539926794, "weighted_recall": 0.8321356539926794, "macro_roc_auc": 0.9617707546888138, "micro_roc_auc": 0.9768781004729166, "weighted_roc_auc": 0.959564125361331, "classification_report": "              precision    recall  f1-score   support\n\n         0.0       0.94      0.95      0.95      7792\n         1.0       1.00      0.99      0.99     10860\n         2.0       0.66      0.50      0.57     17916\n         3.0       0.83      0.93      0.88     81163\n         4.0       0.87      0.87      0.87     59693\n         5.0       0.68      0.53      0.60     23381\n\n    accuracy                           0.83    200805\n   macro avg       0.83      0.80      0.81    200805\nweighted avg       0.82      0.83      0.83    200805\n"}